{
  "LR Baseline": {
    "name": "LR Baseline",
    "threshold": 0.5,
    "accuracy": 0.8405333333333334,
    "precision": 0.5193285859613428,
    "recall": 0.8026729559748428,
    "f1": 0.6306361951822113,
    "log_loss": 0.37145359285550916,
    "roc_auc": 0.915679291735841,
    "tn": 5283,
    "fp": 945,
    "fn": 251,
    "tp": 1021
  },
  "XGBoost MSME": {
    "name": "XGBoost MSME",
    "threshold": 0.5,
    "accuracy": 0.9993333333333333,
    "precision": 0.9960845732184808,
    "recall": 1.0,
    "f1": 0.9980384464495881,
    "log_loss": 0.0015573207903677624,
    "roc_auc": 0.9999991163865359,
    "tn": 6223,
    "fp": 5,
    "fn": 0,
    "tp": 1272
  },
  "XGBoost MSME @0.30": {
    "name": "XGBoost MSME @0.30",
    "threshold": 0.3,
    "accuracy": 0.9990666666666667,
    "precision": 0.9945269741985927,
    "recall": 1.0,
    "f1": 0.9972559780478244,
    "log_loss": 0.0015573207903677624,
    "roc_auc": 0.9999991163865359,
    "tn": 6221,
    "fp": 7,
    "fn": 0,
    "tp": 1272
  },
  "XGBoost+NLP": {
    "name": "XGBoost+NLP",
    "threshold": 0.5,
    "accuracy": 1.0,
    "precision": 1.0,
    "recall": 1.0,
    "f1": 1.0,
    "log_loss": 6.066098856892153e-05,
    "roc_auc": 0.9999999999999999,
    "tn": 6228,
    "fp": 0,
    "fn": 0,
    "tp": 1272
  },
  "LightGBM": {
    "name": "LightGBM",
    "threshold": 0.5,
    "accuracy": 0.9994666666666666,
    "precision": 0.9968652037617555,
    "recall": 1.0,
    "f1": 0.9984301412872841,
    "log_loss": 0.001783764362837857,
    "roc_auc": 0.9999989901560411,
    "tn": 6224,
    "fp": 4,
    "fn": 0,
    "tp": 1272
  },
  "XGBoost Tuned": {
    "name": "XGBoost Tuned",
    "threshold": 0.5,
    "accuracy": 1.0,
    "precision": 1.0,
    "recall": 1.0,
    "f1": 1.0,
    "log_loss": 1.9081004090531644e-05,
    "roc_auc": 1.0,
    "tn": 6228,
    "fp": 0,
    "fn": 0,
    "tp": 1272
  },
  "XGBoost Real": {
    "name": "XGBoost Real",
    "threshold": 0.5,
    "accuracy": 0.9996875,
    "precision": 0.9985714285714286,
    "recall": 1.0,
    "f1": 0.9992852037169406,
    "log_loss": 0.0016006644049751417,
    "roc_auc": 0.9999995709870558,
    "tn": 5000,
    "fp": 2,
    "fn": 0,
    "tp": 1398
  }
}